bam_id,external_id,user_hash
1b775983-395f-4ab0-8c12-76d009fdf150,pvf9usgp,
920054a7-4549-4d30-b30a-176477e4d98b,dyeee0pr,
e1043932-9378-4a03-8c9e-bfebdcbe66a6,2xkesqby,
223a4af2-936a-43b9-a721-57a64ea2c0b8,76lefd75,
a6f3b760-a7ce-4f3c-8267-d1e159c00952,6irna0pf,
91188129-fca7-4a13-95f5-35c0740a1c33,nf37czv7,
0616aaee-9145-42bf-9345-56dd98d8016d,2aarca7l,e023cc56e306daa6c52457bd8c26a68f
33d31967-d1ff-458f-b112-be65bad7ba95,twmpn132,
0169de34-69c4-42e1-acce-73710cd1ff06,cuo5yviw,
844c51c0-a65b-4a97-96fb-6e2128a5781d,wt0xrl4i,
127d1f97-4862-47da-8b76-0b7b2d3c1e7b,bi6mrhze,
6d620a53-8700-4ad5-aee8-15df0950f6bf,0fwj89yy,
be7ef004-e3dd-41f4-9984-6767010eb48a,xdmkqb1r,
35441c7a-9097-4da4-ac22-ec3a407424a6,b6dysl6r,ad2b13a3cf56cd3408ce586dc679c6f9
28c5cb76-b71d-462f-a05c-3523f4204593,d1tlqr3x,
5e5709ea-80df-442a-a56e-1616b1890e20,5vgg3y7e,
a185b163-b248-4656-a22d-d6185e8fb110,ms02xzfg,
85f9aae6-8dd4-4924-af9a-2324d4c6c732,ka405q7v,
afe42c60-0384-41eb-80da-9eda08d371dc,97qikbvi,
34285ac1-8aee-4da8-a61a-876e8cccc9e4,pymse2dr,
d105bec6-a835-49be-a1b3-1f47175bfa59,dl4bmfha,
ccbb9a91-3289-4cef-a675-4b777db9a2b7,ge9ei2hk,5821f23829a701cca4df0fea568c76e8
6c9f2a8a-ef54-4afa-9eed-c42b55f5dec7,qhmehxzl,
f03efe33-4654-4267-a07b-fef032e56c42,e2ma481f,
134ecb02-0a92-4435-9026-8451b4c3fbba,yppt7yiz,
65a16453-a300-4efe-8951-2132a7efb0be,l79d0g5b,
bb4ee0f7-8e95-4edb-ae4c-14950e4e7934,ftpfhskj,
cb344fab-2fa3-42d3-a86c-605c1f290a15,mt91azud,
bda6ecb9-9e04-49dd-bb95-4dc9aeede1b7,g4c1171g,
1cf0abb3-c87e-440b-bb8f-757905fb56a7,nl1yi71f,2a73dd2176d7ad1c97e543a8445b03aa
b7da46b0-71e8-4c2b-a4b7-9996a39010c7,by07kwei,
5d088fbb-9e5c-4cef-b967-a416e5791826,rwiowsld,
22cbf910-a0dc-43c4-9ffe-958f36a9590d,1ucpwzd3,
40e30153-65f5-456d-bddd-0a7077123bb8,1ucpwzd3,
6d6d9c6f-063a-48c3-b5df-1909e10717c2,9c69a06d,9918864007698824bf0122ab80374db4
8eac0cf6-5cc3-458f-b3a3-ac395c9b2c30,1ucpwzd3,41204cb8eab3c4d5f68a331eafc6b679
f4b2b42b-8f46-4c49-8817-03b1233213fe,z8nv3rlm,
c802741d-efb7-46a7-85fc-5940ae3f4ed2,0dvy3miw,f891d50668c818318480a4617dea4eaa
e119b6a7-6688-4312-b1a3-7582af20cbf4,rwiowsld,
85fc4870-ebae-4834-9ce2-7f485297d9fa,uycjklof,
77950fb6-b717-4ffb-bd46-63350bd47dd9,ep6nnx4s,
8dab198e-1ef6-49f9-bbb4-a36fd41710b2,bdcayevq,4e17666101ca1ac6c02484960cf2fe3f
ce62cf52-5760-4c13-81bb-3a373630cb36,d3o9v9tv,d7c8b0c7f6778e2fc6f456845918455c
26bf1123-3ae1-44de-bf1c-7b1fefb94e9f,bx360ug2,
06675b1b-0f06-48b8-9c7b-e8e47cc18a85,aqmtsojd,
6cdd6ee0-870e-4e7b-86e6-970663c566ac,lbvmejxp,c65337d215ad9dea8f99a40855a26573
192f517d-8b3a-4bb5-a1b8-74d8be1e9aad,vl3tdtdr,41bbfa584c3d9bb561135a21382043e6
e482cfb4-682e-4bd2-b869-70de5c4ea5c6,0swodc78,0e84114a2ac669d400ccecd8bbff9caa
649762bc-1a5f-4db3-b4c2-c0098728c712,2r7v6ebz,
131cdad2-5612-4d17-89c5-044347465fea,dyggo8y6,08b1325c816ce26691157c2e195f47e8
8ac68469-c82c-4605-9a3e-9a32197da742,m6b876q2,d73cfdedf06f43266c95bd4d857e738c
afbbecac-8602-4e87-9a14-ff686504ecb6,ze86jkch,
8855f814-4991-461f-8576-ce5f73cc5881,vwkv8b90,
d4df7a09-f3ae-4d89-a32d-9b79ef2a5943,o8nqhzhb,
16e8cc59-8e7a-4691-809b-cb060d2d454c,um3aam7d,1400e2d22af9a2f7f02e3921369acb6e
c1eb71aa-c07b-44a6-b1cc-65dee7093f57,o9338nit,743cdb91be1c9ccf4d81c68b009e37bf
b0316759-8e72-40dd-81ca-ef0380d0fcea,441fti0g,
b2cb3243-a0c6-4de9-9579-1074fe4aec87,wtv3dlhu,
47d2f953-0dcc-49c4-be98-3f224ddfab90,custom_001,b150561d2dad1bb7b5e7db1e1846c185
81e23e56-c2ec-41e0-acb7-a5721f50c42a,custom_002,9e7ebb2222b6eda6177412728ff1b37b
67edd8c1-ee2d-4a6a-b14d-0c4e8c9b0d56,custom_003,92546111f2b451bb1f42e5a3bfb77c4e
